<?xml version="1.0" encoding="UTF-8"?>
<project-private xmlns="http://www.netbeans.org/ns/project-private/1">
    <editor-bookmarks xmlns="http://www.netbeans.org/ns/editor-bookmarks/2" lastBookmarkId="0"/>
    <open-files xmlns="http://www.netbeans.org/ns/projectui-open-files/2">
        <group>
            <file>file:/Applications/MAMP/htdocs/SkyeBank/SkyeBankSms/sms/sms/htdocs/tstmsg.php</file>
            <file>file:/Applications/MAMP/htdocs/SkyeBank/SkyeBankSms/sms/sms/htdocs/lib.php</file>
            <file>file:/Applications/MAMP/htdocs/SkyeBank/SkyeBankSms/sms/sms/htdocs/addplugin.php</file>
            <file>file:/Applications/MAMP/htdocs/SkyeBank/SkyeBankSms/sms/sms/htdocs/login.php</file>
            <file>file:/Applications/MAMP/htdocs/SkyeBank/SkyeBankSms/sms/sms/htdocs/controller.php</file>
            <file>file:/Applications/MAMP/htdocs/SkyeBank/SkyeBankSms/sms/sms/htdocs/reset.php</file>
            <file>file:/Applications/MAMP/htdocs/SkyeBank/SkyeBankSms/sms/sms/htdocs/smpp.php</file>
        </group>
    </open-files>
</project-private>
